temp_range,num_days,total_trips,avg_rides_per_day
<5,1,1,1.0
-5-0,6,6,1.0
0-5,62,67,1.0806451612903225
5-10,231,380,1.645021645021645
10-15,348,1096,3.1494252873563218
15-20,360,1658,4.605555555555555
20-25,346,1212,3.5028901734104045
25-30,268,470,1.7537313432835822
30-35,87,95,1.0919540229885059
35-40,15,15,1.0
