,time_of_day,count,avg,std,min,median,max
0,late night (12am - 7am) ,1477,14.753825321597834,11.875872550654343,0.1,11.8,94.4
1,dinner time,639,14.227073552425665,11.387231040256186,0.4,10.9,77.4
2,afternoon,632,14.74715189873418,10.954281513458467,0.3,12.1,73.5
3,morning,608,14.89440789473684,11.636452197627953,0.4,12.2,90.8
4,lunch time,426,14.139671361502348,10.787042287091833,0.4,11.5,82.2
5,morning rush,421,14.652019002375297,11.234590587815319,0.1,12.2,81.6
6,late night (10pm-12am),403,14.130521091811415,10.472275003915742,0.4,11.7,64.6
7,evening rush,394,15.07994923857868,11.676157346451614,0.1,11.850000000000001,80.7
