user_type,trip_count,avg_duration,std_duration,min_duration,median_duration,max_duration,avg_distance,std_distance,min_distance,max_distance
Subscriber,3250,14.651876923076923,11.631295722396167,0.1,11.6,94.4,3.9932369230769234,2.826123189641855,0.03,20.44
Casual,1750,14.553142857142857,10.953369579903969,0.1,12.0,89.0,3.964337142857143,2.6703269812914243,0.02,16.58
